<?xml version="1.0" encoding="UTF-8"?>
<project-private xmlns="http://www.netbeans.org/ns/project-private/1">
    <editor-bookmarks xmlns="http://www.netbeans.org/ns/editor-bookmarks/2" lastBookmarkId="0"/>
    <open-files xmlns="http://www.netbeans.org/ns/projectui-open-files/2">
        <group>
            <file>file:/C:/Dushara/1Y%202%20sem/Programing%20JAVA/Assignment/Medi%20Care%20Hosiptal/src/NurseTechLogin.java</file>
            <file>file:/C:/Dushara/1Y%202%20sem/Programing%20JAVA/Assignment/Medi%20Care%20Hosiptal/src/AddNewPatient.java</file>
            <file>file:/C:/Dushara/1Y%202%20sem/Programing%20JAVA/Assignment/Medi%20Care%20Hosiptal/src/MainUI.java</file>
            <file>file:/C:/Dushara/1Y%202%20sem/Programing%20JAVA/Assignment/Medi%20Care%20Hosiptal/src/MedicalRecordUI.java</file>
        </group>
    </open-files>
</project-private>
